{
    "root_group": {
        "checks": {
            "status is 200": {
                "path": "::status is 200",
                "id": "6210a8cd14cd70477eba5c5e4cb3fb5f",
                "passes": 917,
                "fails": 0,
                "name": "status is 200"
            },
            "response has valid": {
                "passes": 917,
                "fails": 0,
                "name": "response has valid",
                "path": "::response has valid",
                "id": "d471d167355c7ec1a49b376b9d6b5d06"
            },
            "valid matches expected": {
                "id": "1433a9e91b31a71245c2ae0a12f4b865",
                "passes": 917,
                "fails": 0,
                "name": "valid matches expected",
                "path": "::valid matches expected"
            },
            "response time < 500ms": {
                "name": "response time < 500ms",
                "path": "::response time < 500ms",
                "id": "3e02485a995423a591645f4eee6c60eb",
                "passes": 917,
                "fails": 0
            }
        },
        "name": "",
        "path": "",
        "id": "d41d8cd98f00b204e9800998ecf8427e",
        "groups": {}
    },
    "metrics": {
        "data_sent": {
            "rate": 4175.179282344781,
            "count": 168265
        },
        "http_reqs": {
            "count": 917,
            "rate": 22.75362910831227
        },
        "http_req_sending": {
            "max": 3.1426,
            "avg": 0.018805561613958563,
            "min": 0,
            "med": 0,
            "p(90)": 0,
            "p(95)": 0
        },
        "vus_max": {
            "value": 50,
            "min": 50,
            "max": 50
        },
        "iteration_duration": {
            "min": 1000.0596,
            "med": 1001.5765,
            "p(90)": 1004.1514400000001,
            "p(95)": 1006.16632,
            "max": 1025.8654,
            "avg": 1002.2941605234467
        },
        "http_req_waiting": {
            "avg": 0.9612630316248648,
            "min": 0,
            "med": 0.7224,
            "p(90)": 1.71988,
            "p(95)": 2.238799999999998,
            "max": 24.7382
        },
        "http_req_duration{expected_response:true}": {
            "p(95)": 2.4590999999999994,
            "max": 25.2862,
            "avg": 1.075526390403492,
            "min": 0,
            "med": 0.7793,
            "p(90)": 1.85374
        },
        "data_received": {
            "count": 176977,
            "rate": 4391.351165432694
        },
        "iterations": {
            "count": 917,
            "rate": 22.75362910831227
        },
        "http_req_blocked": {
            "p(95)": 0,
            "max": 4.7964,
            "avg": 0.03356292257360959,
            "min": 0,
            "med": 0,
            "p(90)": 0
        },
        "http_req_connecting": {
            "med": 0,
            "p(90)": 0,
            "p(95)": 0,
            "max": 4.7964,
            "avg": 0.03025059978189749,
            "min": 0
        },
        "http_req_duration": {
            "p(90)": 1.85374,
            "p(95)": 2.4590999999999994,
            "max": 25.2862,
            "avg": 1.075526390403492,
            "min": 0,
            "med": 0.7793,
            "thresholds": {
                "p(95)<500": false
            }
        },
        "http_req_tls_handshaking": {
            "min": 0,
            "med": 0,
            "p(90)": 0,
            "p(95)": 0,
            "max": 0,
            "avg": 0
        },
        "vus": {
            "min": 1,
            "max": 49,
            "value": 3
        },
        "http_req_receiving": {
            "min": 0,
            "med": 0,
            "p(90)": 0.50294,
            "p(95)": 0.6575599999999999,
            "max": 3.1422,
            "avg": 0.09545779716466737
        },
        "checks": {
            "passes": 3668,
            "fails": 0,
            "thresholds": {
                "rate>0.99": false
            },
            "value": 1
        },
        "http_req_failed": {
            "passes": 0,
            "fails": 917,
            "thresholds": {
                "rate<0.01": false
            },
            "value": 0
        }
    }
}